param_n_neighbors,param_weights,param_p,mean_test_score,rank_test_score
24,uniform,1,0.7825,1
25,uniform,1,0.78125,2
26,uniform,1,0.78125,2
27,uniform,1,0.78,4
8,uniform,1,0.7775000000000001,5
33,uniform,1,0.7775,6
22,uniform,1,0.7775,6
45,uniform,2,0.77625,8
39,uniform,2,0.7762499999999999,9
26,distance,2,0.775,10
23,uniform,1,0.775,10
29,uniform,1,0.775,10
30,uniform,1,0.775,10
21,uniform,1,0.7749999999999999,14
44,uniform,2,0.7737499999999999,15
28,uniform,1,0.7737499999999999,15
25,distance,2,0.7737499999999999,15
20,uniform,1,0.7737499999999999,15
21,distance,1,0.7725000000000002,19
32,uniform,1,0.7725000000000001,20
8,uniform,2,0.7725,21
58,distance,2,0.7725,21
34,uniform,1,0.7725,21
37,uniform,2,0.7725,21
24,distance,2,0.7725,21
25,distance,1,0.77125,26
15,uniform,1,0.77125,26
6,uniform,1,0.77125,26
40,uniform,2,0.77125,26
38,uniform,2,0.77125,26
34,uniform,2,0.77125,26
35,uniform,1,0.77125,26
35,uniform,2,0.77125,26
60,distance,2,0.77125,26
56,distance,2,0.77,35
9,distance,1,0.77,35
24,uniform,2,0.77,35
24,distance,1,0.77,35
47,uniform,2,0.7699999999999999,39
36,uniform,1,0.7699999999999999,39
59,distance,2,0.7699999999999999,39
10,uniform,1,0.7699999999999999,39
50,uniform,1,0.7699999999999999,39
43,uniform,1,0.7699999999999999,39
57,distance,2,0.7699999999999999,39
43,uniform,2,0.76875,46
42,uniform,1,0.76875,46
41,uniform,2,0.76875,46
31,uniform,1,0.76875,46
39,uniform,1,0.76875,46
19,uniform,1,0.76875,46
37,uniform,1,0.76875,46
18,distance,1,0.76875,46
48,uniform,1,0.76875,46
36,uniform,2,0.76875,46
5,uniform,1,0.76875,46
10,distance,1,0.76875,46
55,uniform,2,0.76875,46
61,distance,2,0.76875,46
38,uniform,1,0.7687499999999999,60
14,uniform,1,0.7687499999999999,60
26,distance,1,0.7687499999999999,60
23,distance,2,0.7675000000000001,63
74,distance,1,0.7675000000000001,63
46,uniform,2,0.7675000000000001,63
52,uniform,1,0.7675000000000001,63
4,uniform,1,0.7675000000000001,63
29,distance,1,0.7675000000000001,63
70,distance,1,0.7675000000000001,63
77,distance,1,0.7675000000000001,63
49,uniform,1,0.7675000000000001,63
72,distance,1,0.7675000000000001,63
66,distance,1,0.7675,73
31,distance,1,0.7675,73
12,uniform,1,0.7675,73
55,distance,2,0.7675,73
32,uniform,2,0.7675,73
62,distance,2,0.7675,73
47,distance,2,0.7675,73
27,distance,1,0.7675,73
48,uniform,2,0.7675,73
45,uniform,1,0.7675,73
56,uniform,2,0.7674999999999998,83
66,distance,2,0.7662500000000001,84
23,uniform,2,0.7662500000000001,84
42,uniform,2,0.7662500000000001,84
25,uniform,2,0.7662500000000001,84
22,uniform,2,0.7662500000000001,84
49,uniform,2,0.7662500000000001,84
20,distance,1,0.7662500000000001,84
52,distance,1,0.76625,91
63,distance,1,0.76625,91
51,distance,1,0.76625,91
76,distance,1,0.76625,91
17,uniform,1,0.76625,91
62,distance,1,0.76625,91
48,distance,2,0.76625,91
53,distance,1,0.76625,91
61,distance,1,0.76625,91
60,distance,1,0.76625,91
41,uniform,1,0.76625,91
45,distance,1,0.76625,91
75,distance,1,0.76625,91
22,distance,1,0.76625,91
23,distance,1,0.76625,91
57,distance,1,0.76625,91
33,uniform,2,0.76625,91
54,distance,2,0.76625,91
57,uniform,2,0.76625,91
11,uniform,1,0.76625,91
45,distance,2,0.76625,91
9,uniform,1,0.76625,91
68,distance,1,0.76625,91
68,distance,2,0.76625,91
35,distance,1,0.765,115
69,distance,1,0.765,115
71,distance,1,0.765,115
33,distance,2,0.765,115
73,distance,1,0.765,115
51,uniform,2,0.765,115
64,distance,1,0.765,115
96,distance,1,0.765,115
51,uniform,1,0.765,115
95,distance,1,0.765,115
94,distance,1,0.765,115
93,distance,2,0.765,115
54,uniform,2,0.765,115
47,uniform,1,0.765,115
46,distance,2,0.765,115
21,distance,2,0.765,115
58,distance,1,0.765,115
59,distance,1,0.765,115
78,distance,1,0.765,115
90,distance,2,0.765,115
4,uniform,2,0.765,115
11,distance,1,0.765,115
35,distance,2,0.765,115
56,uniform,1,0.7649999999999999,138
59,uniform,2,0.7649999999999999,138
40,uniform,1,0.7649999999999999,138
84,distance,1,0.7637500000000002,141
58,uniform,2,0.7637500000000002,141
62,uniform,2,0.7637500000000002,141
92,distance,1,0.7637500000000002,141
101,distance,1,0.7637500000000002,141
90,distance,1,0.7637500000000002,141
93,distance,1,0.7637500000000002,141
104,distance,1,0.76375,148
33,distance,1,0.76375,148
52,distance,2,0.76375,148
8,distance,1,0.76375,148
97,distance,1,0.76375,148
12,distance,1,0.76375,148
29,uniform,2,0.76375,148
98,distance,1,0.76375,148
19,distance,1,0.76375,148
31,uniform,2,0.76375,148
26,uniform,2,0.76375,148
28,distance,1,0.76375,148
99,distance,1,0.76375,148
57,uniform,1,0.7637499999999999,161
70,distance,2,0.7637499999999999,161
55,uniform,1,0.7637499999999999,161
54,uniform,1,0.7637499999999999,161
53,uniform,1,0.7637499999999999,161
80,distance,2,0.7637499999999999,161
17,distance,1,0.7637499999999999,161
16,distance,1,0.7637499999999999,161
16,uniform,1,0.7637499999999999,161
51,distance,2,0.7637499999999999,161
46,uniform,1,0.7637499999999999,161
44,uniform,1,0.7637499999999999,161
43,distance,2,0.7637499999999999,161
69,distance,2,0.7637499999999999,161
67,distance,2,0.7637499999999999,161
37,distance,2,0.7637499999999999,161
89,distance,2,0.7637499999999999,161
50,distance,2,0.7637499999999999,161
102,distance,1,0.7625000000000001,179
103,distance,1,0.7625000000000001,179
122,distance,1,0.7625000000000001,179
97,distance,2,0.7625,182
52,uniform,2,0.7625,182
67,distance,1,0.7625,182
75,distance,2,0.7625,182
112,distance,1,0.7625,182
65,distance,1,0.7625,182
64,distance,2,0.7625,182
111,distance,1,0.7625,182
53,uniform,2,0.7625,182
63,distance,2,0.7625,182
109,distance,1,0.7625,182
98,distance,2,0.7625,182
106,distance,1,0.7625,182
55,distance,1,0.7625,182
7,uniform,1,0.7625,182
100,distance,1,0.7625,182
60,uniform,2,0.7625,182
7,distance,1,0.7625,182
64,uniform,2,0.7625,182
96,distance,2,0.7625,182
86,distance,2,0.7625,182
95,distance,2,0.7625,182
83,distance,1,0.7625,182
15,distance,1,0.7625,182
83,distance,2,0.7625,182
44,distance,2,0.7625,182
22,distance,2,0.7625,182
89,distance,1,0.7625,182
88,distance,1,0.7625,182
85,distance,1,0.7625,182
87,distance,2,0.7625,182
84,distance,2,0.7625,182
38,distance,2,0.7625,182
47,distance,1,0.7625,182
92,distance,2,0.7625,182
18,uniform,2,0.7625,182
94,distance,2,0.7625,182
91,distance,2,0.7625,182
49,distance,2,0.7625,182
34,distance,2,0.7612500000000001,221
86,distance,1,0.7612500000000001,221
6,uniform,2,0.7612500000000001,221
62,uniform,1,0.7612500000000001,221
30,uniform,2,0.7612500000000001,221
34,distance,1,0.7612500000000001,221
110,distance,1,0.7612500000000001,221
63,uniform,2,0.7612500000000001,221
79,distance,1,0.7612500000000001,221
108,distance,1,0.7612500000000001,221
7,distance,2,0.7612500000000001,221
53,distance,2,0.7612500000000001,221
13,distance,1,0.7612500000000001,221
91,distance,1,0.7612500000000001,221
59,uniform,1,0.76125,235
115,distance,1,0.76125,235
73,distance,2,0.76125,235
113,distance,1,0.76125,235
66,uniform,1,0.76125,235
36,distance,1,0.76125,235
65,uniform,1,0.76125,235
117,distance,1,0.76125,235
118,distance,1,0.76125,235
107,distance,1,0.76125,235
99,distance,2,0.76125,235
116,distance,1,0.76125,235
28,distance,2,0.76125,235
105,distance,1,0.76125,235
82,distance,1,0.76125,235
27,distance,2,0.76125,235
71,distance,2,0.76125,235
27,uniform,2,0.76125,235
80,uniform,2,0.7612499999999999,253
43,distance,1,0.7612499999999999,253
87,distance,1,0.7612499999999999,253
54,distance,1,0.7612499999999999,253
81,uniform,2,0.7612499999999999,253
50,distance,1,0.7612499999999999,253
21,uniform,2,0.7612499999999999,253
85,distance,2,0.7612499999999999,253
56,distance,1,0.7612499999999999,253
50,uniform,2,0.7612499999999999,253
81,distance,2,0.7612499999999999,253
73,uniform,2,0.76,264
123,distance,1,0.76,264
120,distance,1,0.76,264
119,distance,1,0.76,264
91,uniform,2,0.76,264
114,distance,1,0.76,264
81,distance,1,0.76,264
76,distance,2,0.76,264
100,distance,2,0.76,264
77,distance,2,0.76,264
101,distance,2,0.76,264
105,distance,2,0.76,264
80,distance,1,0.76,264
82,distance,2,0.76,264
103,distance,2,0.76,264
74,distance,2,0.76,264
78,distance,2,0.76,264
121,distance,1,0.76,264
32,distance,1,0.76,264
58,uniform,1,0.76,264
46,distance,1,0.76,264
44,distance,1,0.76,264
32,distance,2,0.76,264
6,distance,2,0.76,264
61,uniform,2,0.76,264
41,distance,2,0.76,264
63,uniform,1,0.76,264
18,distance,2,0.76,264
19,distance,2,0.76,264
65,uniform,2,0.76,264
49,distance,1,0.76,264
65,distance,2,0.76,264
66,uniform,2,0.76,264
40,distance,2,0.76,264
67,uniform,1,0.76,264
37,distance,1,0.76,264
39,distance,2,0.76,264
68,uniform,1,0.76,264
69,uniform,1,0.76,264
30,distance,1,0.76,264
68,uniform,2,0.7587500000000001,304
89,uniform,1,0.7587500000000001,304
31,distance,2,0.75875,306
88,distance,2,0.75875,306
79,uniform,2,0.75875,306
72,uniform,2,0.75875,306
61,uniform,1,0.75875,306
48,distance,1,0.75875,306
77,uniform,2,0.75875,306
64,uniform,1,0.75875,306
67,uniform,2,0.75875,306
29,distance,2,0.75875,306
5,distance,1,0.75875,306
78,uniform,2,0.75875,306
85,uniform,2,0.7587499999999999,318
20,uniform,2,0.7587499999999999,318
71,uniform,1,0.7587499999999999,318
124,distance,1,0.7587499999999999,318
69,uniform,2,0.7587499999999999,318
76,uniform,2,0.7587499999999999,318
76,uniform,1,0.7587499999999999,318
72,distance,2,0.7587499999999998,325
102,distance,2,0.7575000000000001,326
88,uniform,1,0.7575000000000001,326
124,distance,2,0.7575000000000001,326
125,distance,1,0.7575000000000001,326
128,distance,1,0.7575000000000001,326
129,distance,1,0.7575000000000001,326
115,distance,2,0.7575000000000001,326
133,distance,1,0.7575000000000001,326
20,distance,2,0.7575000000000001,326
109,distance,2,0.7575000000000001,326
83,uniform,2,0.7575000000000001,326
123,distance,2,0.7575000000000001,326
93,uniform,1,0.7575000000000001,326
17,distance,2,0.7575000000000001,326
14,uniform,2,0.7575000000000001,326
107,distance,2,0.7575000000000001,326
104,distance,2,0.7575000000000001,326
5,uniform,2,0.7575,343
89,uniform,2,0.7575,343
88,uniform,2,0.7575,343
14,distance,1,0.7575,343
7,uniform,2,0.7575,343
97,uniform,2,0.7575,343
74,uniform,2,0.7575,343
36,distance,2,0.7575,343
70,uniform,1,0.7575,343
79,distance,2,0.7575,343
77,uniform,1,0.7575,343
42,distance,2,0.7562500000000001,354
134,distance,1,0.7562500000000001,354
95,uniform,1,0.7562500000000001,354
116,distance,2,0.7562500000000001,354
87,uniform,1,0.7562500000000001,354
121,distance,2,0.7562500000000001,354
122,distance,2,0.7562500000000001,354
86,uniform,1,0.7562500000000001,354
127,distance,1,0.7562500000000001,354
120,distance,2,0.7562500000000001,354
16,uniform,2,0.7562500000000001,354
126,distance,1,0.7562500000000001,354
118,distance,2,0.7562500000000001,354
109,uniform,1,0.75625,367
107,uniform,2,0.75625,367
110,uniform,2,0.75625,367
74,uniform,1,0.75625,367
80,uniform,1,0.75625,367
10,uniform,2,0.75625,367
13,uniform,1,0.75625,367
98,uniform,1,0.75625,367
81,uniform,1,0.75625,367
96,uniform,2,0.75625,367
75,uniform,1,0.75625,367
72,uniform,1,0.75625,367
70,uniform,2,0.75625,367
41,distance,1,0.75625,367
30,distance,2,0.75625,367
90,uniform,2,0.75625,367
28,uniform,2,0.75625,367
91,uniform,1,0.75625,367
95,uniform,2,0.75625,367
94,uniform,2,0.75625,367
82,uniform,2,0.75625,367
42,distance,1,0.75625,367
131,distance,1,0.7562499999999999,389
137,distance,1,0.7562499999999999,389
106,uniform,1,0.7562499999999999,389
143,distance,1,0.7562499999999999,389
18,uniform,1,0.7550000000000001,393
87,uniform,2,0.7550000000000001,393
19,uniform,2,0.7550000000000001,393
108,uniform,2,0.7550000000000001,393
92,uniform,1,0.7550000000000001,393
83,uniform,1,0.7550000000000001,393
94,uniform,1,0.7550000000000001,393
8,distance,2,0.7550000000000001,393
82,uniform,1,0.7550000000000001,393
112,uniform,2,0.7550000000000001,393
103,uniform,1,0.7550000000000001,393
106,uniform,2,0.7550000000000001,393
17,uniform,2,0.7550000000000001,393
96,uniform,1,0.7550000000000001,393
85,uniform,1,0.7550000000000001,393
90,uniform,1,0.7550000000000001,393
73,uniform,1,0.7550000000000001,393
97,uniform,1,0.755,410
141,distance,1,0.755,410
71,uniform,2,0.755,410
86,uniform,2,0.755,410
108,distance,2,0.755,410
138,distance,1,0.755,410
117,uniform,1,0.755,410
139,distance,1,0.755,410
132,distance,1,0.755,410
142,distance,1,0.755,410
130,distance,1,0.755,410
130,distance,2,0.755,410
131,distance,2,0.755,410
114,distance,2,0.755,410
144,distance,2,0.755,410
142,distance,2,0.755,410
136,distance,1,0.755,410
106,distance,2,0.755,410
107,uniform,1,0.755,410
144,distance,1,0.755,410
140,distance,1,0.755,410
101,uniform,1,0.755,410
60,uniform,1,0.755,410
102,uniform,1,0.755,410
100,uniform,1,0.755,410
135,distance,1,0.755,410
111,uniform,2,0.7549999999999999,436
98,uniform,2,0.7549999999999999,436
40,distance,1,0.7549999999999999,436
125,distance,2,0.7549999999999999,436
38,distance,1,0.7549999999999999,436
126,distance,2,0.7549999999999999,436
145,distance,1,0.7549999999999999,436
147,distance,1,0.7549999999999999,436
75,uniform,2,0.7537500000000001,444
143,distance,2,0.75375,445
146,distance,2,0.75375,445
152,distance,2,0.75375,445
145,distance,2,0.75375,445
153,distance,2,0.75375,445
127,uniform,1,0.75375,445
154,distance,2,0.75375,445
119,uniform,2,0.75375,445
155,distance,2,0.75375,445
120,uniform,2,0.75375,445
141,distance,2,0.75375,445
129,uniform,1,0.75375,445
156,distance,2,0.75375,445
115,uniform,2,0.75375,445
114,uniform,2,0.75375,445
148,distance,2,0.75375,445
108,uniform,1,0.75375,445
134,uniform,1,0.75375,445
105,uniform,1,0.75375,445
104,uniform,1,0.75375,445
179,distance,2,0.75375,445
149,distance,2,0.75375,445
110,distance,2,0.75375,445
133,uniform,1,0.75375,445
131,uniform,1,0.75375,445
99,uniform,1,0.75375,445
150,distance,2,0.75375,445
147,distance,2,0.75375,445
112,distance,2,0.75375,445
132,uniform,1,0.75375,445
125,uniform,1,0.75375,445
135,uniform,1,0.75375,445
113,distance,2,0.75375,445
137,uniform,1,0.75375,445
126,uniform,1,0.75375,445
151,distance,2,0.75375,445
124,uniform,2,0.7537499999999999,481
125,uniform,2,0.7537499999999999,481
149,distance,1,0.7537499999999999,481
146,distance,1,0.7537499999999999,481
153,distance,1,0.7537499999999999,481
152,distance,1,0.7537499999999999,481
151,distance,1,0.7537499999999999,481
134,distance,2,0.7537499999999999,481
132,distance,2,0.7537499999999999,481
148,distance,1,0.7537499999999999,481
133,distance,2,0.7537499999999999,481
135,distance,2,0.7537499999999999,481
150,distance,1,0.7537499999999999,481
99,uniform,2,0.7537499999999999,481
123,uniform,2,0.7537499999999999,481
84,uniform,2,0.7537499999999999,481
84,uniform,1,0.7537499999999999,481
102,uniform,2,0.7537499999999999,481
104,uniform,2,0.7537499999999999,481
105,uniform,2,0.7537499999999999,481
109,uniform,2,0.7537499999999999,481
111,uniform,1,0.7537499999999999,481
78,uniform,1,0.7537499999999999,481
39,distance,1,0.7537499999999999,481
113,uniform,2,0.7537499999999999,481
92,uniform,2,0.7537499999999999,481
117,distance,2,0.7537499999999999,481
93,uniform,2,0.7537499999999999,481
6,distance,1,0.7537499999999999,481
122,uniform,2,0.7537499999999999,481
5,distance,2,0.7537499999999999,481
119,distance,2,0.7537499999999999,481
150,uniform,1,0.7525000000000001,513
140,distance,2,0.7525000000000001,513
140,uniform,2,0.7525000000000001,513
158,uniform,2,0.7525000000000001,513
151,uniform,1,0.7525000000000001,513
158,distance,1,0.7525000000000001,513
160,uniform,2,0.7525000000000001,513
157,uniform,2,0.7525000000000001,513
139,uniform,2,0.7525000000000001,513
171,uniform,2,0.7525000000000001,513
156,uniform,2,0.7525000000000001,513
172,uniform,2,0.7525000000000001,513
173,uniform,2,0.7525000000000001,513
139,distance,2,0.7525000000000001,513
170,uniform,2,0.7525000000000001,513
141,uniform,2,0.7525000000000001,513
169,distance,1,0.7525000000000001,513
124,uniform,1,0.7525000000000001,513
161,uniform,2,0.7525000000000001,513
147,uniform,1,0.7525000000000001,513
149,uniform,1,0.7525000000000001,513
162,uniform,2,0.7525000000000001,513
145,uniform,1,0.7525000000000001,513
4,distance,2,0.7525000000000001,513
166,distance,1,0.7525000000000001,513
167,distance,1,0.7525000000000001,513
167,uniform,2,0.7525000000000001,513
143,uniform,1,0.7525000000000001,513
15,distance,2,0.7525000000000001,513
168,uniform,2,0.7525000000000001,513
159,uniform,2,0.7525000000000001,513
166,uniform,2,0.7525000000000001,513
168,distance,1,0.7525000000000001,513
138,uniform,2,0.7525000000000001,513
136,uniform,2,0.7525000000000001,513
115,uniform,1,0.7525000000000001,513
116,uniform,1,0.7525000000000001,513
130,uniform,2,0.7525000000000001,513
182,distance,2,0.7525000000000001,513
130,uniform,1,0.7525000000000001,513
128,uniform,2,0.7525000000000001,513
118,uniform,1,0.7525000000000001,513
128,uniform,1,0.7525000000000001,513
127,uniform,2,0.7525000000000001,513
196,uniform,1,0.7525000000000001,513
119,uniform,1,0.7525000000000001,513
126,uniform,2,0.7525000000000001,513
121,uniform,1,0.7525000000000001,513
122,uniform,1,0.7525000000000001,513
123,uniform,1,0.7525000000000001,513
181,distance,2,0.7525000000000001,513
131,uniform,2,0.7525000000000001,513
129,uniform,2,0.7525000000000001,513
154,distance,1,0.7525000000000001,513
180,distance,2,0.7525000000000001,513
135,uniform,2,0.7525000000000001,513
100,uniform,2,0.7525000000000001,513
103,uniform,2,0.7525000000000001,513
134,uniform,2,0.7525000000000001,513
133,uniform,2,0.7525000000000001,513
136,uniform,1,0.7525000000000001,513
174,uniform,2,0.7525000000000001,513
175,uniform,2,0.7525000000000001,513
132,uniform,2,0.7525000000000001,513
101,uniform,2,0.7525000000000001,513
197,distance,1,0.7525,578
199,distance,1,0.7525,578
157,distance,1,0.7525,578
158,distance,2,0.7525,578
159,distance,1,0.7525,578
196,distance,1,0.7525,578
155,distance,1,0.7525,578
171,distance,2,0.7525,578
195,distance,1,0.7525,578
159,distance,2,0.7525,578
172,distance,2,0.7525,578
157,distance,2,0.7525,578
168,distance,2,0.7525,578
161,distance,2,0.7525,578
175,distance,2,0.7525,578
169,distance,2,0.7525,578
167,distance,2,0.7525,578
174,distance,2,0.7525,578
166,distance,2,0.7525,578
192,distance,1,0.7525,578
173,distance,2,0.7525,578
165,distance,2,0.7525,578
164,distance,2,0.7525,578
163,distance,2,0.7525,578
163,distance,1,0.7525,578
162,distance,2,0.7525,578
201,distance,1,0.7525,578
162,distance,1,0.7525,578
194,distance,1,0.7525,578
160,distance,2,0.7525,578
170,distance,2,0.7525,578
161,distance,1,0.7525,578
111,distance,2,0.7525,578
121,uniform,2,0.7525,578
118,uniform,2,0.7525,578
127,distance,2,0.7525,578
128,distance,2,0.7525,578
117,uniform,2,0.7525,578
129,distance,2,0.7525,578
116,uniform,2,0.7525,578
136,distance,2,0.7525,578
79,uniform,1,0.7525,578
198,distance,1,0.7525,578
398,uniform,2,0.75125,621
399,uniform,1,0.75125,621
384,uniform,1,0.75125,621
383,distance,2,0.75125,621
383,uniform,2,0.75125,621
383,distance,1,0.75125,621
383,uniform,1,0.75125,621
382,distance,2,0.75125,621
382,uniform,2,0.75125,621
382,distance,1,0.75125,621
382,uniform,1,0.75125,621
381,distance,2,0.75125,621
381,uniform,2,0.75125,621
381,distance,1,0.75125,621
381,uniform,1,0.75125,621
380,distance,2,0.75125,621
380,uniform,2,0.75125,621
380,distance,1,0.75125,621
384,distance,1,0.75125,621
380,uniform,1,0.75125,621
384,uniform,2,0.75125,621
406,uniform,2,0.75125,621
388,uniform,2,0.75125,621
388,distance,1,0.75125,621
388,uniform,1,0.75125,621
387,distance,2,0.75125,621
387,uniform,2,0.75125,621
387,distance,1,0.75125,621
387,uniform,1,0.75125,621
386,distance,2,0.75125,621
386,uniform,2,0.75125,621
413,distance,1,0.75125,621
386,distance,1,0.75125,621
386,uniform,1,0.75125,621
385,distance,2,0.75125,621
406,distance,2,0.75125,621
385,uniform,2,0.75125,621
385,distance,1,0.75125,621
385,uniform,1,0.75125,621
384,distance,2,0.75125,621
379,distance,2,0.75125,621
379,uniform,2,0.75125,621
379,distance,1,0.75125,621
373,distance,2,0.75125,621
399,distance,1,0.75125,621
373,uniform,2,0.75125,621
411,distance,2,0.75125,621
373,distance,1,0.75125,621
373,uniform,1,0.75125,621
372,distance,2,0.75125,621
399,uniform,2,0.75125,621
372,uniform,2,0.75125,621
372,distance,1,0.75125,621
412,distance,1,0.75125,621
406,distance,1,0.75125,621
372,uniform,1,0.75125,621
406,uniform,1,0.75125,621
371,distance,2,0.75125,621
399,distance,2,0.75125,621
371,uniform,2,0.75125,621
374,uniform,1,0.75125,621
374,distance,1,0.75125,621
374,uniform,2,0.75125,621
374,distance,2,0.75125,621
379,uniform,1,0.75125,621
378,distance,2,0.75125,621
378,uniform,2,0.75125,621
378,distance,1,0.75125,621
378,uniform,1,0.75125,621
377,distance,2,0.75125,621
377,uniform,2,0.75125,621
377,distance,1,0.75125,621
388,distance,2,0.75125,621
377,uniform,1,0.75125,621
376,uniform,2,0.75125,621
376,distance,1,0.75125,621
376,uniform,1,0.75125,621
375,distance,2,0.75125,621
375,uniform,2,0.75125,621
375,distance,1,0.75125,621
375,uniform,1,0.75125,621
412,uniform,2,0.75125,621
376,distance,2,0.75125,621
412,distance,2,0.75125,621
389,uniform,1,0.75125,621
389,uniform,2,0.75125,621
402,uniform,1,0.75125,621
409,distance,2,0.75125,621
396,uniform,2,0.75125,621
409,uniform,2,0.75125,621
402,distance,1,0.75125,621
409,distance,1,0.75125,621
396,distance,1,0.75125,621
402,uniform,2,0.75125,621
396,uniform,1,0.75125,621
409,uniform,1,0.75125,621
395,distance,2,0.75125,621
395,uniform,2,0.75125,621
395,distance,1,0.75125,621
402,distance,2,0.75125,621
395,uniform,1,0.75125,621
394,distance,2,0.75125,621
394,uniform,2,0.75125,621
410,uniform,1,0.75125,621
408,distance,2,0.75125,621
396,distance,2,0.75125,621
410,distance,1,0.75125,621
398,distance,1,0.75125,621
411,uniform,2,0.75125,621
413,uniform,1,0.75125,621
398,uniform,1,0.75125,621
400,uniform,2,0.75125,621
411,distance,1,0.75125,621
400,distance,2,0.75125,621
397,distance,2,0.75125,621
411,uniform,1,0.75125,621
410,distance,2,0.75125,621
401,uniform,1,0.75125,621
397,uniform,2,0.75125,621
410,uniform,2,0.75125,621
401,distance,1,0.75125,621
401,uniform,2,0.75125,621
397,distance,1,0.75125,621
397,uniform,1,0.75125,621
401,distance,2,0.75125,621
394,distance,1,0.75125,621
408,uniform,2,0.75125,621
403,uniform,1,0.75125,621
391,distance,2,0.75125,621
405,distance,1,0.75125,621
405,uniform,2,0.75125,621
391,uniform,2,0.75125,621
391,distance,1,0.75125,621
405,distance,2,0.75125,621
400,distance,1,0.75125,621
391,uniform,1,0.75125,621
390,distance,2,0.75125,621
371,distance,1,0.75125,621
407,distance,1,0.75125,621
390,uniform,2,0.75125,621
390,distance,1,0.75125,621
400,uniform,1,0.75125,621
407,uniform,1,0.75125,621
390,uniform,1,0.75125,621
389,distance,2,0.75125,621
392,uniform,1,0.75125,621
405,uniform,1,0.75125,621
404,distance,2,0.75125,621
392,distance,1,0.75125,621
408,distance,1,0.75125,621
394,uniform,1,0.75125,621
403,distance,1,0.75125,621
408,uniform,1,0.75125,621
403,uniform,2,0.75125,621
393,distance,2,0.75125,621
407,distance,2,0.75125,621
403,distance,2,0.75125,621
389,distance,1,0.75125,621
407,uniform,2,0.75125,621
404,uniform,1,0.75125,621
393,distance,1,0.75125,621
404,distance,1,0.75125,621
393,uniform,1,0.75125,621
392,distance,2,0.75125,621
398,distance,2,0.75125,621
404,uniform,2,0.75125,621
392,uniform,2,0.75125,621
393,uniform,2,0.75125,621
412,uniform,1,0.75125,621
250,distance,1,0.75125,621
370,distance,2,0.75125,621
343,distance,1,0.75125,621
343,uniform,1,0.75125,621
342,distance,2,0.75125,621
342,uniform,2,0.75125,621
342,distance,1,0.75125,621
342,uniform,1,0.75125,621
341,distance,2,0.75125,621
341,uniform,2,0.75125,621
341,distance,1,0.75125,621
341,uniform,1,0.75125,621
340,distance,2,0.75125,621
340,uniform,2,0.75125,621
340,distance,1,0.75125,621
340,uniform,1,0.75125,621
339,distance,2,0.75125,621
339,uniform,2,0.75125,621
339,distance,1,0.75125,621
343,uniform,2,0.75125,621
343,distance,2,0.75125,621
344,uniform,1,0.75125,621
344,distance,1,0.75125,621
348,distance,2,0.75125,621
348,uniform,2,0.75125,621
348,distance,1,0.75125,621
348,uniform,1,0.75125,621
347,distance,2,0.75125,621
347,uniform,2,0.75125,621
347,distance,1,0.75125,621
347,uniform,1,0.75125,621
339,uniform,1,0.75125,621
346,distance,2,0.75125,621
346,distance,1,0.75125,621
346,uniform,1,0.75125,621
345,distance,2,0.75125,621
345,uniform,2,0.75125,621
345,distance,1,0.75125,621
345,uniform,1,0.75125,621
344,distance,2,0.75125,621
344,uniform,2,0.75125,621
346,uniform,2,0.75125,621
338,distance,2,0.75125,621
338,uniform,2,0.75125,621
338,distance,1,0.75125,621
332,distance,2,0.75125,621
332,uniform,2,0.75125,621
332,distance,1,0.75125,621
332,uniform,1,0.75125,621
331,distance,2,0.75125,621
331,uniform,2,0.75125,621
331,distance,1,0.75125,621
331,uniform,1,0.75125,621
333,uniform,1,0.75125,621
330,distance,2,0.75125,621
330,distance,1,0.75125,621
330,uniform,1,0.75125,621
329,distance,2,0.75125,621
329,uniform,2,0.75125,621
329,distance,1,0.75125,621
329,uniform,1,0.75125,621
328,distance,2,0.75125,621
328,uniform,2,0.75125,621
330,uniform,2,0.75125,621
349,uniform,1,0.75125,621
333,distance,1,0.75125,621
333,distance,2,0.75125,621
338,uniform,1,0.75125,621
337,distance,2,0.75125,621
337,uniform,2,0.75125,621
337,distance,1,0.75125,621
337,uniform,1,0.75125,621
336,distance,2,0.75125,621
336,uniform,2,0.75125,621
336,distance,1,0.75125,621
333,uniform,2,0.75125,621
336,uniform,1,0.75125,621
413,uniform,2,0.75125,621
335,uniform,2,0.75125,621
335,distance,1,0.75125,621
335,uniform,1,0.75125,621
334,distance,2,0.75125,621
334,uniform,2,0.75125,621
334,distance,1,0.75125,621
334,uniform,1,0.75125,621
335,distance,2,0.75125,621
371,uniform,1,0.75125,621
349,distance,1,0.75125,621
349,distance,2,0.75125,621
365,uniform,1,0.75125,621
364,distance,2,0.75125,621
364,uniform,2,0.75125,621
364,distance,1,0.75125,621
364,uniform,1,0.75125,621
363,distance,2,0.75125,621
363,uniform,2,0.75125,621
363,distance,1,0.75125,621
363,uniform,1,0.75125,621
362,distance,2,0.75125,621
362,uniform,2,0.75125,621
362,distance,1,0.75125,621
362,uniform,1,0.75125,621
361,distance,2,0.75125,621
361,uniform,2,0.75125,621
361,distance,1,0.75125,621
361,uniform,1,0.75125,621
365,distance,1,0.75125,621
365,uniform,2,0.75125,621
365,distance,2,0.75125,621
366,uniform,1,0.75125,621
370,uniform,2,0.75125,621
370,distance,1,0.75125,621
370,uniform,1,0.75125,621
369,distance,2,0.75125,621
369,uniform,2,0.75125,621
369,distance,1,0.75125,621
369,uniform,1,0.75125,621
368,distance,2,0.75125,621
360,distance,2,0.75125,621
368,uniform,2,0.75125,621
368,uniform,1,0.75125,621
367,distance,2,0.75125,621
367,uniform,2,0.75125,621
367,distance,1,0.75125,621
367,uniform,1,0.75125,621
366,distance,2,0.75125,621
366,uniform,2,0.75125,621
366,distance,1,0.75125,621
368,distance,1,0.75125,621
360,uniform,2,0.75125,621
360,distance,1,0.75125,621
360,uniform,1,0.75125,621
354,distance,1,0.75125,621
354,uniform,1,0.75125,621
353,distance,2,0.75125,621
353,uniform,2,0.75125,621
353,distance,1,0.75125,621
353,uniform,1,0.75125,621
352,distance,2,0.75125,621
352,uniform,2,0.75125,621
354,uniform,2,0.75125,621
352,distance,1,0.75125,621
351,distance,2,0.75125,621
351,uniform,2,0.75125,621
351,distance,1,0.75125,621
351,uniform,1,0.75125,621
350,distance,2,0.75125,621
350,uniform,2,0.75125,621
350,distance,1,0.75125,621
350,uniform,1,0.75125,621
352,uniform,1,0.75125,621
349,uniform,2,0.75125,621
354,distance,2,0.75125,621
355,distance,1,0.75125,621
359,distance,2,0.75125,621
359,uniform,2,0.75125,621
359,distance,1,0.75125,621
359,uniform,1,0.75125,621
358,distance,2,0.75125,621
358,uniform,2,0.75125,621
358,distance,1,0.75125,621
358,uniform,1,0.75125,621
355,uniform,1,0.75125,621
357,distance,2,0.75125,621
357,distance,1,0.75125,621
357,uniform,1,0.75125,621
356,distance,2,0.75125,621
356,uniform,2,0.75125,621
356,distance,1,0.75125,621
356,uniform,1,0.75125,621
355,distance,2,0.75125,621
355,uniform,2,0.75125,621
357,uniform,2,0.75125,621
413,distance,2,0.75125,621
481,distance,2,0.75125,621
414,distance,1,0.75125,621
472,distance,1,0.75125,621
472,uniform,1,0.75125,621
471,distance,2,0.75125,621
471,uniform,2,0.75125,621
471,distance,1,0.75125,621
471,uniform,1,0.75125,621
470,distance,2,0.75125,621
470,uniform,2,0.75125,621
470,distance,1,0.75125,621
470,uniform,1,0.75125,621
469,distance,2,0.75125,621
469,uniform,2,0.75125,621
469,distance,1,0.75125,621
469,uniform,1,0.75125,621
468,distance,2,0.75125,621
468,uniform,2,0.75125,621
468,distance,1,0.75125,621
472,uniform,2,0.75125,621
472,distance,2,0.75125,621
473,uniform,1,0.75125,621
473,distance,1,0.75125,621
477,distance,2,0.75125,621
477,uniform,2,0.75125,621
477,distance,1,0.75125,621
477,uniform,1,0.75125,621
476,distance,2,0.75125,621
476,uniform,2,0.75125,621
476,distance,1,0.75125,621
476,uniform,1,0.75125,621
468,uniform,1,0.75125,621
475,distance,2,0.75125,621
475,distance,1,0.75125,621
475,uniform,1,0.75125,621
474,distance,2,0.75125,621
474,uniform,2,0.75125,621
474,distance,1,0.75125,621
474,uniform,1,0.75125,621
473,distance,2,0.75125,621
473,uniform,2,0.75125,621
475,uniform,2,0.75125,621
478,uniform,1,0.75125,621
467,distance,2,0.75125,621
467,distance,1,0.75125,621
461,uniform,2,0.75125,621
461,distance,1,0.75125,621
461,uniform,1,0.75125,621
460,distance,2,0.75125,621
460,uniform,2,0.75125,621
460,distance,1,0.75125,621
460,uniform,1,0.75125,621
459,distance,2,0.75125,621
459,uniform,2,0.75125,621
459,distance,1,0.75125,621
459,uniform,1,0.75125,621
458,distance,2,0.75125,621
458,uniform,2,0.75125,621
458,distance,1,0.75125,621
458,uniform,1,0.75125,621
457,distance,2,0.75125,621
457,uniform,2,0.75125,621
461,distance,2,0.75125,621
462,uniform,1,0.75125,621
462,distance,1,0.75125,621
462,uniform,2,0.75125,621
467,uniform,1,0.75125,621
466,distance,2,0.75125,621
466,uniform,2,0.75125,621
466,distance,1,0.75125,621
466,uniform,1,0.75125,621
465,distance,2,0.75125,621
465,uniform,2,0.75125,621
465,distance,1,0.75125,621
467,uniform,2,0.75125,621
465,uniform,1,0.75125,621
464,uniform,2,0.75125,621
464,distance,1,0.75125,621
464,uniform,1,0.75125,621
463,distance,2,0.75125,621
463,uniform,2,0.75125,621
463,distance,1,0.75125,621
463,uniform,1,0.75125,621
462,distance,2,0.75125,621
464,distance,2,0.75125,621
457,distance,1,0.75125,621
478,distance,1,0.75125,621
478,distance,2,0.75125,621
493,distance,2,0.75125,621
493,uniform,2,0.75125,621
493,distance,1,0.75125,621
493,uniform,1,0.75125,621
492,distance,2,0.75125,621
492,uniform,2,0.75125,621
492,distance,1,0.75125,621
492,uniform,1,0.75125,621
491,distance,2,0.75125,621
491,uniform,2,0.75125,621
491,distance,1,0.75125,621
491,uniform,1,0.75125,621
490,distance,2,0.75125,621
490,uniform,2,0.75125,621
490,distance,1,0.75125,621
490,uniform,1,0.75125,621
489,distance,2,0.75125,621
494,uniform,1,0.75125,621
494,distance,1,0.75125,621
494,uniform,2,0.75125,621
494,distance,2,0.75125,621
499,distance,1,0.75125,621
499,uniform,1,0.75125,621
498,distance,2,0.75125,621
498,uniform,2,0.75125,621
498,distance,1,0.75125,621
498,uniform,1,0.75125,621
497,distance,2,0.75125,621
497,uniform,2,0.75125,621
489,uniform,2,0.75125,621
497,distance,1,0.75125,621
496,distance,2,0.75125,621
496,uniform,2,0.75125,621
496,distance,1,0.75125,621
496,uniform,1,0.75125,621
495,distance,2,0.75125,621
495,uniform,2,0.75125,621
495,distance,1,0.75125,621
495,uniform,1,0.75125,621
497,uniform,1,0.75125,621
478,uniform,2,0.75125,621
489,distance,1,0.75125,621
488,distance,2,0.75125,621
483,uniform,1,0.75125,621
482,distance,2,0.75125,621
482,uniform,2,0.75125,621
482,distance,1,0.75125,621
482,uniform,1,0.75125,621
328,distance,1,0.75125,621
481,uniform,2,0.75125,621
481,distance,1,0.75125,621
481,uniform,1,0.75125,621
480,distance,2,0.75125,621
480,uniform,2,0.75125,621
480,distance,1,0.75125,621
480,uniform,1,0.75125,621
479,distance,2,0.75125,621
479,uniform,2,0.75125,621
479,distance,1,0.75125,621
479,uniform,1,0.75125,621
483,distance,1,0.75125,621
483,uniform,2,0.75125,621
483,distance,2,0.75125,621
484,uniform,1,0.75125,621
488,uniform,2,0.75125,621
488,distance,1,0.75125,621
488,uniform,1,0.75125,621
487,distance,2,0.75125,621
487,uniform,2,0.75125,621
487,distance,1,0.75125,621
487,uniform,1,0.75125,621
486,distance,2,0.75125,621
489,uniform,1,0.75125,621
486,uniform,2,0.75125,621
486,uniform,1,0.75125,621
485,distance,2,0.75125,621
485,uniform,2,0.75125,621
485,distance,1,0.75125,621
485,uniform,1,0.75125,621
484,distance,2,0.75125,621
484,uniform,2,0.75125,621
484,distance,1,0.75125,621
486,distance,1,0.75125,621
414,uniform,1,0.75125,621
457,uniform,1,0.75125,621
456,uniform,2,0.75125,621
429,distance,1,0.75125,621
429,uniform,1,0.75125,621
428,distance,2,0.75125,621
428,uniform,2,0.75125,621
428,distance,1,0.75125,621
428,uniform,1,0.75125,621
427,distance,2,0.75125,621
427,uniform,2,0.75125,621
427,distance,1,0.75125,621
427,uniform,1,0.75125,621
426,distance,2,0.75125,621
426,uniform,2,0.75125,621
426,distance,1,0.75125,621
426,uniform,1,0.75125,621
425,distance,2,0.75125,621
425,uniform,2,0.75125,621
425,distance,1,0.75125,621
429,uniform,2,0.75125,621
429,distance,2,0.75125,621
430,uniform,1,0.75125,621
430,distance,1,0.75125,621
434,distance,2,0.75125,621
434,uniform,2,0.75125,621
434,distance,1,0.75125,621
434,uniform,1,0.75125,621
433,distance,2,0.75125,621
433,uniform,2,0.75125,621
433,distance,1,0.75125,621
433,uniform,1,0.75125,621
425,uniform,1,0.75125,621
432,distance,2,0.75125,621
432,distance,1,0.75125,621
432,uniform,1,0.75125,621
431,distance,2,0.75125,621
431,uniform,2,0.75125,621
431,distance,1,0.75125,621
431,uniform,1,0.75125,621
430,distance,2,0.75125,621
430,uniform,2,0.75125,621
432,uniform,2,0.75125,621
435,uniform,1,0.75125,621
424,distance,2,0.75125,621
424,distance,1,0.75125,621
418,uniform,2,0.75125,621
418,distance,1,0.75125,621
418,uniform,1,0.75125,621
417,distance,2,0.75125,621
417,uniform,2,0.75125,621
417,distance,1,0.75125,621
417,uniform,1,0.75125,621
416,distance,2,0.75125,621
416,uniform,2,0.75125,621
416,distance,1,0.75125,621
416,uniform,1,0.75125,621
415,distance,2,0.75125,621
415,uniform,2,0.75125,621
415,distance,1,0.75125,621
415,uniform,1,0.75125,621
414,distance,2,0.75125,621
414,uniform,2,0.75125,621
418,distance,2,0.75125,621
419,uniform,1,0.75125,621
419,distance,1,0.75125,621
419,uniform,2,0.75125,621
424,uniform,1,0.75125,621
423,distance,2,0.75125,621
423,uniform,2,0.75125,621
423,distance,1,0.75125,621
423,uniform,1,0.75125,621
422,distance,2,0.75125,621
422,uniform,2,0.75125,621
422,distance,1,0.75125,621
424,uniform,2,0.75125,621
422,uniform,1,0.75125,621
421,uniform,2,0.75125,621
421,distance,1,0.75125,621
421,uniform,1,0.75125,621
420,distance,2,0.75125,621
420,uniform,2,0.75125,621
420,distance,1,0.75125,621
420,uniform,1,0.75125,621
419,distance,2,0.75125,621
421,distance,2,0.75125,621
456,distance,2,0.75125,621
435,distance,1,0.75125,621
435,distance,2,0.75125,621
450,distance,2,0.75125,621
450,uniform,2,0.75125,621
450,distance,1,0.75125,621
450,uniform,1,0.75125,621
449,distance,2,0.75125,621
449,uniform,2,0.75125,621
449,distance,1,0.75125,621
449,uniform,1,0.75125,621
448,distance,2,0.75125,621
448,uniform,2,0.75125,621
448,distance,1,0.75125,621
448,uniform,1,0.75125,621
447,distance,2,0.75125,621
447,uniform,2,0.75125,621
447,distance,1,0.75125,621
447,uniform,1,0.75125,621
446,distance,2,0.75125,621
451,uniform,1,0.75125,621
451,distance,1,0.75125,621
451,uniform,2,0.75125,621
451,distance,2,0.75125,621
456,distance,1,0.75125,621
456,uniform,1,0.75125,621
455,distance,2,0.75125,621
455,uniform,2,0.75125,621
455,distance,1,0.75125,621
455,uniform,1,0.75125,621
454,distance,2,0.75125,621
454,uniform,2,0.75125,621
446,uniform,2,0.75125,621
454,distance,1,0.75125,621
453,distance,2,0.75125,621
453,uniform,2,0.75125,621
453,distance,1,0.75125,621
453,uniform,1,0.75125,621
452,distance,2,0.75125,621
452,uniform,2,0.75125,621
452,distance,1,0.75125,621
452,uniform,1,0.75125,621
454,uniform,1,0.75125,621
435,uniform,2,0.75125,621
446,distance,1,0.75125,621
445,distance,2,0.75125,621
440,uniform,1,0.75125,621
439,distance,2,0.75125,621
439,uniform,2,0.75125,621
439,distance,1,0.75125,621
439,uniform,1,0.75125,621
438,distance,2,0.75125,621
438,uniform,2,0.75125,621
438,distance,1,0.75125,621
438,uniform,1,0.75125,621
437,distance,2,0.75125,621
437,uniform,2,0.75125,621
437,distance,1,0.75125,621
437,uniform,1,0.75125,621
436,distance,2,0.75125,621
436,uniform,2,0.75125,621
436,distance,1,0.75125,621
436,uniform,1,0.75125,621
440,distance,1,0.75125,621
440,uniform,2,0.75125,621
440,distance,2,0.75125,621
441,uniform,1,0.75125,621
445,uniform,2,0.75125,621
445,distance,1,0.75125,621
445,uniform,1,0.75125,621
444,distance,2,0.75125,621
444,uniform,2,0.75125,621
444,distance,1,0.75125,621
444,uniform,1,0.75125,621
443,distance,2,0.75125,621
446,uniform,1,0.75125,621
443,uniform,2,0.75125,621
443,uniform,1,0.75125,621
442,distance,2,0.75125,621
442,uniform,2,0.75125,621
442,distance,1,0.75125,621
442,uniform,1,0.75125,621
441,distance,2,0.75125,621
441,uniform,2,0.75125,621
441,distance,1,0.75125,621
443,distance,1,0.75125,621
328,uniform,1,0.75125,621
499,distance,2,0.75125,621
327,uniform,2,0.75125,621
230,distance,2,0.75125,621
231,uniform,1,0.75125,621
231,distance,1,0.75125,621
231,uniform,2,0.75125,621
231,distance,2,0.75125,621
232,uniform,1,0.75125,621
232,distance,1,0.75125,621
232,uniform,2,0.75125,621
232,distance,2,0.75125,621
233,uniform,1,0.75125,621
233,distance,1,0.75125,621
233,uniform,2,0.75125,621
233,distance,2,0.75125,621
234,uniform,1,0.75125,621
234,distance,1,0.75125,621
234,uniform,2,0.75125,621
234,distance,2,0.75125,621
238,distance,1,0.75125,621
238,uniform,1,0.75125,621
237,distance,2,0.75125,621
237,uniform,2,0.75125,621
237,distance,1,0.75125,621
237,uniform,1,0.75125,621
230,uniform,2,0.75125,621
236,distance,2,0.75125,621
236,distance,1,0.75125,621
236,uniform,1,0.75125,621
235,distance,2,0.75125,621
235,uniform,2,0.75125,621
235,distance,1,0.75125,621
235,uniform,1,0.75125,621
236,uniform,2,0.75125,621
230,distance,1,0.75125,621
230,uniform,1,0.75125,621
229,distance,2,0.75125,621
225,uniform,1,0.75125,621
224,distance,2,0.75125,621
224,uniform,2,0.75125,621
224,distance,1,0.75125,621
224,uniform,1,0.75125,621
223,distance,2,0.75125,621
225,distance,1,0.75125,621
223,uniform,2,0.75125,621
223,uniform,1,0.75125,621
222,distance,2,0.75125,621
222,uniform,2,0.75125,621
222,distance,1,0.75125,621
222,uniform,1,0.75125,621
221,distance,2,0.75125,621
223,distance,1,0.75125,621
238,uniform,2,0.75125,621
225,uniform,2,0.75125,621
226,uniform,1,0.75125,621
229,uniform,2,0.75125,621
229,distance,1,0.75125,621
229,uniform,1,0.75125,621
228,distance,2,0.75125,621
228,uniform,2,0.75125,621
228,distance,1,0.75125,621
225,distance,2,0.75125,621
228,uniform,1,0.75125,621
227,uniform,2,0.75125,621
227,distance,1,0.75125,621
227,uniform,1,0.75125,621
226,distance,2,0.75125,621
226,uniform,2,0.75125,621
226,distance,1,0.75125,621
227,distance,2,0.75125,621
221,uniform,2,0.75125,621
238,distance,2,0.75125,621
239,distance,1,0.75125,621
248,uniform,2,0.75125,621
248,distance,2,0.75125,621
249,uniform,1,0.75125,621
249,distance,1,0.75125,621
249,uniform,2,0.75125,621
249,distance,2,0.75125,621
250,uniform,1,0.75125,621
499,uniform,2,0.75125,621
250,uniform,2,0.75125,621
250,distance,2,0.75125,621
251,uniform,1,0.75125,621
251,distance,1,0.75125,621
251,uniform,2,0.75125,621
251,distance,2,0.75125,621
252,uniform,1,0.75125,621
252,distance,1,0.75125,621
252,uniform,2,0.75125,621
256,uniform,1,0.75125,621
255,distance,2,0.75125,621
255,uniform,2,0.75125,621
255,distance,1,0.75125,621
255,uniform,1,0.75125,621
254,distance,2,0.75125,621
248,distance,1,0.75125,621
254,uniform,2,0.75125,621
254,uniform,1,0.75125,621
253,distance,2,0.75125,621
253,uniform,2,0.75125,621
253,distance,1,0.75125,621
253,uniform,1,0.75125,621
252,distance,2,0.75125,621
254,distance,1,0.75125,621
248,uniform,1,0.75125,621
247,distance,2,0.75125,621
247,uniform,2,0.75125,621
242,distance,2,0.75125,621
242,uniform,2,0.75125,621
242,distance,1,0.75125,621
242,uniform,1,0.75125,621
327,distance,2,0.75125,621
241,uniform,2,0.75125,621
243,uniform,1,0.75125,621
241,distance,1,0.75125,621
240,distance,2,0.75125,621
240,uniform,2,0.75125,621
240,distance,1,0.75125,621
240,uniform,1,0.75125,621
239,distance,2,0.75125,621
239,uniform,2,0.75125,621
241,uniform,1,0.75125,621
239,uniform,1,0.75125,621
243,distance,1,0.75125,621
243,distance,2,0.75125,621
247,distance,1,0.75125,621
247,uniform,1,0.75125,621
246,distance,2,0.75125,621
246,uniform,2,0.75125,621
246,distance,1,0.75125,621
246,uniform,1,0.75125,621
243,uniform,2,0.75125,621
245,distance,2,0.75125,621
245,distance,1,0.75125,621
245,uniform,1,0.75125,621
244,distance,2,0.75125,621
244,uniform,2,0.75125,621
244,distance,1,0.75125,621
244,uniform,1,0.75125,621
245,uniform,2,0.75125,621
256,distance,1,0.75125,621
221,distance,1,0.75125,621
220,distance,2,0.75125,621
163,uniform,2,0.75125,621
164,distance,1,0.75125,621
164,uniform,2,0.75125,621
165,distance,1,0.75125,621
165,uniform,2,0.75125,621
168,uniform,1,0.75125,621
169,uniform,1,0.75125,621
169,uniform,2,0.75125,621
170,uniform,1,0.75125,621
170,distance,1,0.75125,621
171,uniform,1,0.75125,621
171,distance,1,0.75125,621
172,uniform,1,0.75125,621
172,distance,1,0.75125,621
173,uniform,1,0.75125,621
174,uniform,1,0.75125,621
175,uniform,1,0.75125,621
183,distance,2,0.75125,621
183,uniform,1,0.75125,621
182,uniform,1,0.75125,621
181,uniform,1,0.75125,621
180,uniform,1,0.75125,621
179,uniform,2,0.75125,621
163,uniform,1,0.75125,621
179,uniform,1,0.75125,621
178,uniform,1,0.75125,621
177,distance,2,0.75125,621
177,uniform,1,0.75125,621
176,distance,2,0.75125,621
176,uniform,2,0.75125,621
176,uniform,1,0.75125,621
178,distance,2,0.75125,621
161,uniform,1,0.75125,621
160,distance,1,0.75125,621
160,uniform,1,0.75125,621
141,uniform,1,0.75125,621
140,uniform,1,0.75125,621
139,uniform,1,0.75125,621
138,distance,2,0.75125,621
138,uniform,1,0.75125,621
137,distance,2,0.75125,621
142,uniform,1,0.75125,621
137,uniform,2,0.75125,621
114,uniform,1,0.75125,621
110,uniform,1,0.75125,621
16,distance,2,0.75125,621
15,uniform,2,0.75125,621
14,distance,2,0.75125,621
2,uniform,2,0.75125,621
120,uniform,1,0.75125,621
184,uniform,1,0.75125,621
142,uniform,2,0.75125,621
144,uniform,1,0.75125,621
159,uniform,1,0.75125,621
158,uniform,1,0.75125,621
157,uniform,1,0.75125,621
156,distance,1,0.75125,621
156,uniform,1,0.75125,621
155,uniform,2,0.75125,621
143,uniform,2,0.75125,621
155,uniform,1,0.75125,621
154,uniform,1,0.75125,621
153,uniform,2,0.75125,621
153,uniform,1,0.75125,621
152,uniform,1,0.75125,621
148,uniform,1,0.75125,621
146,uniform,1,0.75125,621
154,uniform,2,0.75125,621
221,uniform,1,0.75125,621
184,distance,2,0.75125,621
185,distance,2,0.75125,621
208,uniform,1,0.75125,621
208,distance,1,0.75125,621
208,uniform,2,0.75125,621
209,uniform,1,0.75125,621
209,distance,1,0.75125,621
209,uniform,2,0.75125,621
210,uniform,1,0.75125,621
210,uniform,2,0.75125,621
211,uniform,1,0.75125,621
211,distance,1,0.75125,621
211,uniform,2,0.75125,621
212,uniform,1,0.75125,621
212,uniform,2,0.75125,621
213,uniform,1,0.75125,621
213,uniform,2,0.75125,621
214,uniform,1,0.75125,621
214,uniform,2,0.75125,621
220,uniform,2,0.75125,621
220,distance,1,0.75125,621
220,uniform,1,0.75125,621
219,distance,2,0.75125,621
219,uniform,2,0.75125,621
219,uniform,1,0.75125,621
207,uniform,2,0.75125,621
218,uniform,2,0.75125,621
217,uniform,2,0.75125,621
217,uniform,1,0.75125,621
216,uniform,2,0.75125,621
216,uniform,1,0.75125,621
215,uniform,2,0.75125,621
215,uniform,1,0.75125,621
218,uniform,1,0.75125,621
207,distance,1,0.75125,621
207,uniform,1,0.75125,621
206,uniform,2,0.75125,621
193,distance,1,0.75125,621
193,uniform,1,0.75125,621
192,uniform,1,0.75125,621
191,distance,1,0.75125,621
191,uniform,1,0.75125,621
190,uniform,1,0.75125,621
194,uniform,1,0.75125,621
189,distance,1,0.75125,621
188,uniform,1,0.75125,621
187,distance,2,0.75125,621
187,distance,1,0.75125,621
187,uniform,1,0.75125,621
186,distance,2,0.75125,621
186,uniform,1,0.75125,621
189,uniform,1,0.75125,621
185,uniform,1,0.75125,621
195,uniform,1,0.75125,621
198,uniform,1,0.75125,621
206,distance,1,0.75125,621
206,uniform,1,0.75125,621
205,distance,1,0.75125,621
205,uniform,1,0.75125,621
204,distance,1,0.75125,621
204,uniform,1,0.75125,621
197,uniform,1,0.75125,621
203,distance,2,0.75125,621
203,uniform,1,0.75125,621
202,distance,1,0.75125,621
202,uniform,1,0.75125,621
200,distance,1,0.75125,621
200,uniform,1,0.75125,621
199,uniform,1,0.75125,621
203,distance,1,0.75125,621
256,uniform,2,0.75125,621
241,distance,2,0.75125,621
257,uniform,1,0.75125,621
302,uniform,1,0.75125,621
302,distance,1,0.75125,621
302,uniform,2,0.75125,621
302,distance,2,0.75125,621
303,uniform,1,0.75125,621
303,distance,1,0.75125,621
303,uniform,2,0.75125,621
303,distance,2,0.75125,621
304,uniform,1,0.75125,621
304,distance,1,0.75125,621
304,uniform,2,0.75125,621
304,distance,2,0.75125,621
305,uniform,1,0.75125,621
305,distance,1,0.75125,621
305,uniform,2,0.75125,621
305,distance,2,0.75125,621
306,uniform,1,0.75125,621
309,uniform,2,0.75125,621
309,distance,1,0.75125,621
309,uniform,1,0.75125,621
308,distance,2,0.75125,621
308,uniform,2,0.75125,621
308,distance,1,0.75125,621
256,distance,2,0.75125,621
308,uniform,1,0.75125,621
307,uniform,2,0.75125,621
307,distance,1,0.75125,621
307,uniform,1,0.75125,621
306,distance,2,0.75125,621
306,uniform,2,0.75125,621
306,distance,1,0.75125,621
307,distance,2,0.75125,621
301,uniform,2,0.75125,621
301,distance,1,0.75125,621
301,uniform,1,0.75125,621
296,distance,1,0.75125,621
296,uniform,1,0.75125,621
295,distance,2,0.75125,621
295,uniform,2,0.75125,621
295,distance,1,0.75125,621
295,uniform,1,0.75125,621
296,uniform,2,0.75125,621
294,distance,2,0.75125,621
294,distance,1,0.75125,621
294,uniform,1,0.75125,621
293,distance,2,0.75125,621
293,uniform,2,0.75125,621
293,distance,1,0.75125,621
293,uniform,1,0.75125,621
294,uniform,2,0.75125,621
309,distance,2,0.75125,621
296,distance,2,0.75125,621
297,distance,1,0.75125,621
300,distance,2,0.75125,621
300,uniform,2,0.75125,621
300,distance,1,0.75125,621
300,uniform,1,0.75125,621
299,distance,2,0.75125,621
299,uniform,2,0.75125,621
297,uniform,1,0.75125,621
299,distance,1,0.75125,621
298,distance,2,0.75125,621
298,uniform,2,0.75125,621
298,distance,1,0.75125,621
298,uniform,1,0.75125,621
297,distance,2,0.75125,621
297,uniform,2,0.75125,621
299,uniform,1,0.75125,621
292,distance,2,0.75125,621
310,uniform,1,0.75125,621
310,uniform,2,0.75125,621
319,distance,2,0.75125,621
320,uniform,1,0.75125,621
320,distance,1,0.75125,621
320,uniform,2,0.75125,621
320,distance,2,0.75125,621
321,uniform,1,0.75125,621
321,distance,1,0.75125,621
321,uniform,2,0.75125,621
321,distance,2,0.75125,621
322,uniform,1,0.75125,621
322,distance,1,0.75125,621
322,uniform,2,0.75125,621
322,distance,2,0.75125,621
323,uniform,1,0.75125,621
323,distance,1,0.75125,621
323,uniform,2,0.75125,621
323,distance,2,0.75125,621
327,distance,1,0.75125,621
327,uniform,1,0.75125,621
326,distance,2,0.75125,621
326,uniform,2,0.75125,621
326,distance,1,0.75125,621
326,uniform,1,0.75125,621
319,uniform,2,0.75125,621
325,distance,2,0.75125,621
325,distance,1,0.75125,621
325,uniform,1,0.75125,621
324,distance,2,0.75125,621
324,uniform,2,0.75125,621
324,distance,1,0.75125,621
324,uniform,1,0.75125,621
325,uniform,2,0.75125,621
319,distance,1,0.75125,621
319,uniform,1,0.75125,621
318,distance,2,0.75125,621
314,uniform,1,0.75125,621
313,distance,2,0.75125,621
313,uniform,2,0.75125,621
313,distance,1,0.75125,621
313,uniform,1,0.75125,621
312,distance,2,0.75125,621
314,distance,1,0.75125,621
312,uniform,2,0.75125,621
312,uniform,1,0.75125,621
311,distance,2,0.75125,621
311,uniform,2,0.75125,621
311,distance,1,0.75125,621
311,uniform,1,0.75125,621
310,distance,2,0.75125,621
312,distance,1,0.75125,621
310,distance,1,0.75125,621
314,uniform,2,0.75125,621
315,uniform,1,0.75125,621
318,uniform,2,0.75125,621
318,distance,1,0.75125,621
318,uniform,1,0.75125,621
317,distance,2,0.75125,621
317,uniform,2,0.75125,621
317,distance,1,0.75125,621
314,distance,2,0.75125,621
317,uniform,1,0.75125,621
316,uniform,2,0.75125,621
316,distance,1,0.75125,621
316,uniform,1,0.75125,621
315,distance,2,0.75125,621
315,uniform,2,0.75125,621
315,distance,1,0.75125,621
316,distance,2,0.75125,621
292,uniform,2,0.75125,621
301,distance,2,0.75125,621
292,uniform,1,0.75125,621
265,distance,1,0.75125,621
265,uniform,2,0.75125,621
278,uniform,2,0.75125,621
265,distance,2,0.75125,621
278,distance,1,0.75125,621
278,uniform,1,0.75125,621
266,uniform,1,0.75125,621
266,distance,1,0.75125,621
277,distance,2,0.75125,621
266,uniform,2,0.75125,621
277,uniform,2,0.75125,621
277,distance,1,0.75125,621
266,distance,2,0.75125,621
267,uniform,1,0.75125,621
277,uniform,1,0.75125,621
278,distance,2,0.75125,621
267,distance,1,0.75125,621
265,uniform,1,0.75125,621
264,uniform,2,0.75125,621
262,distance,1,0.75125,621
271,uniform,2,0.75125,621
262,uniform,2,0.75125,621
280,uniform,1,0.75125,621
279,distance,2,0.75125,621
262,distance,2,0.75125,621
263,uniform,1,0.75125,621
279,uniform,2,0.75125,621
263,distance,1,0.75125,621
263,uniform,2,0.75125,621
279,distance,1,0.75125,621
263,distance,2,0.75125,621
264,uniform,1,0.75125,621
279,uniform,1,0.75125,621
264,distance,1,0.75125,621
264,distance,2,0.75125,621
280,distance,1,0.75125,621
276,distance,2,0.75125,621
267,uniform,2,0.75125,621
269,uniform,2,0.75125,621
269,distance,2,0.75125,621
273,uniform,2,0.75125,621
270,uniform,1,0.75125,621
273,distance,1,0.75125,621
270,distance,1,0.75125,621
273,uniform,1,0.75125,621
270,uniform,2,0.75125,621
272,distance,2,0.75125,621
272,uniform,2,0.75125,621
272,distance,1,0.75125,621
272,uniform,1,0.75125,621
270,distance,2,0.75125,621
271,uniform,1,0.75125,621
271,distance,2,0.75125,621
273,distance,2,0.75125,621
276,uniform,2,0.75125,621
274,uniform,1,0.75125,621
269,uniform,1,0.75125,621
267,distance,2,0.75125,621
276,distance,1,0.75125,621
276,uniform,1,0.75125,621
268,uniform,1,0.75125,621
275,distance,2,0.75125,621
275,uniform,2,0.75125,621
275,distance,1,0.75125,621
268,distance,1,0.75125,621
292,distance,1,0.75125,621
275,uniform,1,0.75125,621
274,distance,2,0.75125,621
268,uniform,2,0.75125,621
268,distance,2,0.75125,621
274,uniform,2,0.75125,621
274,distance,1,0.75125,621
269,distance,1,0.75125,621
280,uniform,2,0.75125,621
271,distance,1,0.75125,621
260,distance,1,0.75125,621
285,distance,2,0.75125,621
260,uniform,2,0.75125,621
290,distance,1,0.75125,621
286,uniform,1,0.75125,621
286,distance,1,0.75125,621
286,uniform,2,0.75125,621
286,distance,2,0.75125,621
290,uniform,1,0.75125,621
260,uniform,1,0.75125,621
287,uniform,1,0.75125,621
259,distance,2,0.75125,621
287,distance,1,0.75125,621
259,uniform,2,0.75125,621
287,uniform,2,0.75125,621
259,distance,1,0.75125,621
287,distance,2,0.75125,621
259,uniform,1,0.75125,621
288,uniform,1,0.75125,621
258,distance,2,0.75125,621
288,distance,1,0.75125,621
258,uniform,2,0.75125,621
288,uniform,2,0.75125,621
288,distance,2,0.75125,621
257,uniform,2,0.75125,621
289,uniform,1,0.75125,621
258,distance,1,0.75125,621
289,distance,1,0.75125,621
258,uniform,1,0.75125,621
289,uniform,2,0.75125,621
257,distance,2,0.75125,621
285,uniform,2,0.75125,621
260,distance,2,0.75125,621
261,uniform,1,0.75125,621
290,distance,2,0.75125,621
261,distance,2,0.75125,621
282,distance,1,0.75125,621
282,uniform,1,0.75125,621
291,uniform,1,0.75125,621
291,distance,1,0.75125,621
282,uniform,2,0.75125,621
281,distance,2,0.75125,621
281,distance,1,0.75125,621
262,uniform,1,0.75125,621
281,uniform,1,0.75125,621
280,distance,2,0.75125,621
291,uniform,2,0.75125,621
291,distance,2,0.75125,621
281,uniform,2,0.75125,621
257,distance,1,0.75125,621
282,distance,2,0.75125,621
289,distance,2,0.75125,621
283,distance,1,0.75125,621
283,uniform,2,0.75125,621
283,distance,2,0.75125,621
261,uniform,2,0.75125,621
284,uniform,1,0.75125,621
285,distance,1,0.75125,621
285,uniform,1,0.75125,621
283,uniform,1,0.75125,621
284,distance,1,0.75125,621
284,uniform,2,0.75125,621
290,uniform,2,0.75125,621
261,distance,1,0.75125,621
284,distance,2,0.75125,621
176,distance,1,0.75,1876
13,distance,2,0.75,1876
175,distance,1,0.75,1876
174,distance,1,0.75,1876
148,uniform,2,0.75,1876
112,uniform,1,0.75,1876
113,uniform,1,0.75,1876
167,uniform,1,0.75,1876
149,uniform,2,0.75,1876
166,uniform,1,0.75,1876
165,uniform,1,0.75,1876
164,uniform,1,0.75,1876
162,uniform,1,0.75,1876
144,uniform,2,0.75,1876
145,uniform,2,0.75,1876
146,uniform,2,0.75,1876
147,uniform,2,0.75,1876
151,uniform,2,0.75,1876
150,uniform,2,0.75,1876
173,distance,1,0.75,1876
152,uniform,2,0.75,1876
186,distance,1,0.75,1876
177,uniform,2,0.75,1876
207,distance,2,0.75,1876
206,distance,2,0.75,1876
205,distance,2,0.75,1876
205,uniform,2,0.75,1876
204,distance,2,0.75,1876
204,uniform,2,0.75,1876
203,uniform,2,0.75,1876
208,distance,2,0.75,1876
202,distance,2,0.75,1876
201,distance,2,0.75,1876
201,uniform,2,0.75,1876
201,uniform,1,0.75,1876
200,distance,2,0.75,1876
200,uniform,2,0.75,1876
199,distance,2,0.75,1876
199,uniform,2,0.75,1876
177,distance,1,0.75,1876
198,distance,2,0.75,1876
209,distance,2,0.75,1876
210,distance,2,0.75,1876
219,distance,1,0.75,1876
218,distance,2,0.75,1876
218,distance,1,0.75,1876
217,distance,2,0.75,1876
217,distance,1,0.75,1876
216,distance,2,0.75,1876
216,distance,1,0.75,1876
210,distance,1,0.75,1876
215,distance,2,0.75,1876
214,distance,2,0.75,1876
214,distance,1,0.75,1876
213,distance,2,0.75,1876
213,distance,1,0.75,1876
212,distance,2,0.75,1876
212,distance,1,0.75,1876
211,distance,2,0.75,1876
215,distance,1,0.75,1876
198,uniform,2,0.75,1876
202,uniform,2,0.75,1876
197,uniform,2,0.75,1876
186,uniform,2,0.75,1876
185,uniform,2,0.75,1876
185,distance,1,0.75,1876
184,uniform,2,0.75,1876
184,distance,1,0.75,1876
183,uniform,2,0.75,1876
183,distance,1,0.75,1876
187,uniform,2,0.75,1876
197,distance,2,0.75,1876
181,uniform,2,0.75,1876
181,distance,1,0.75,1876
180,uniform,2,0.75,1876
180,distance,1,0.75,1876
179,distance,1,0.75,1876
178,uniform,2,0.75,1876
178,distance,1,0.75,1876
182,distance,1,0.75,1876
188,distance,1,0.75,1876
182,uniform,2,0.75,1876
188,distance,2,0.75,1876
196,distance,2,0.75,1876
196,uniform,2,0.75,1876
195,distance,2,0.75,1876
195,uniform,2,0.75,1876
194,distance,2,0.75,1876
194,uniform,2,0.75,1876
193,distance,2,0.75,1876
193,uniform,2,0.75,1876
192,distance,2,0.75,1876
192,uniform,2,0.75,1876
191,distance,2,0.75,1876
191,uniform,2,0.75,1876
190,distance,2,0.75,1876
190,uniform,2,0.75,1876
190,distance,1,0.75,1876
189,distance,2,0.75,1876
189,uniform,2,0.75,1876
188,uniform,2,0.75,1876
3,uniform,1,0.74875,1977
12,uniform,2,0.7487499999999999,1978
10,distance,2,0.7475,1979
12,distance,2,0.7462500000000001,1980
2,uniform,1,0.7462500000000001,1980
9,distance,2,0.74625,1982
11,distance,2,0.74625,1982
9,uniform,2,0.745,1984
4,distance,1,0.7449999999999999,1985
13,uniform,2,0.7449999999999999,1985
11,uniform,2,0.7437500000000001,1987
3,distance,1,0.74,1988
3,uniform,2,0.7399999999999999,1989
3,distance,2,0.73375,1990
2,distance,2,0.7275,1991
1,distance,2,0.7275,1991
1,uniform,2,0.7275,1991
2,distance,1,0.71625,1994
1,distance,1,0.71625,1994
1,uniform,1,0.71625,1994
